0,2023-07-20 10:25:13,Consensus Started
1,2023-07-20 10:25:33,Consensus process repeats,is In Pool:,true
2,2023-07-20 10:25:33,ValidatroInfo is: ,one,/ip4/122.177.101.141/tcp/3001/p2p/16Uiu2HAmSmYqtdcgsJauVRyQ7yHXZRuLcaNS6tnD1Nzv118SFz1W,0.000000
3,2023-07-20 10:25:33,Listner started
4,2023-07-20 10:25:33,iIsAlreadyInFile:,false
5,2023-07-20 10:25:33,Verification started
6,2023-07-20 10:25:33,Consessus started
1,2023-07-20 10:25:53,Consensus process repeats,is In Pool:,true
2,2023-07-20 10:25:53,ValidatroInfo is: ,one,/ip4/122.177.101.141/tcp/3001/p2p/16Uiu2HAmSmYqtdcgsJauVRyQ7yHXZRuLcaNS6tnD1Nzv118SFz1W,0.000000
3,2023-07-20 10:25:53,Listner started
4,2023-07-20 10:25:53,iIsAlreadyInFile:,true
5,2023-07-20 10:25:53,Verification started
6,2023-07-20 10:25:53,Consessus started
1,2023-07-20 10:26:13,Consensus process repeats,is In Pool:,true
2,2023-07-20 10:26:13,ValidatroInfo is: ,one,/ip4/122.177.101.141/tcp/3001/p2p/16Uiu2HAmSmYqtdcgsJauVRyQ7yHXZRuLcaNS6tnD1Nzv118SFz1W,20.603490
3,2023-07-20 10:26:13,Listner started
4,2023-07-20 10:26:13,iIsAlreadyInFile:,true
5,2023-07-20 10:26:13,Verification started
6,2023-07-20 10:26:13,Consessus started
1,2023-07-20 10:26:33,Consensus process repeats,is In Pool:,true
2,2023-07-20 10:26:33,ValidatroInfo is: ,one,/ip4/122.177.101.141/tcp/3001/p2p/16Uiu2HAmSmYqtdcgsJauVRyQ7yHXZRuLcaNS6tnD1Nzv118SFz1W,20.603490
3,2023-07-20 10:26:33,Listner started
4,2023-07-20 10:26:33,iIsAlreadyInFile:,true
5,2023-07-20 10:26:33,Verification started
6,2023-07-20 10:26:33,Consessus started
1,2023-07-20 10:26:53,Consensus process repeats,is In Pool:,true
2,2023-07-20 10:26:53,ValidatroInfo is: ,one,/ip4/122.177.101.141/tcp/3001/p2p/16Uiu2HAmSmYqtdcgsJauVRyQ7yHXZRuLcaNS6tnD1Nzv118SFz1W,20.871798
3,2023-07-20 10:26:53,Listner started
4,2023-07-20 10:26:53,iIsAlreadyInFile:,true
5,2023-07-20 10:26:53,Verification started
6,2023-07-20 10:26:53,Consessus started
1,2023-07-20 10:27:13,Consensus process repeats,is In Pool:,true
2,2023-07-20 10:27:13,ValidatroInfo is: ,one,/ip4/122.177.101.141/tcp/3001/p2p/16Uiu2HAmSmYqtdcgsJauVRyQ7yHXZRuLcaNS6tnD1Nzv118SFz1W,20.871798
3,2023-07-20 10:27:13,Listner started
4,2023-07-20 10:27:13,iIsAlreadyInFile:,true
5,2023-07-20 10:27:13,Verification started
6,2023-07-20 10:27:13,Consessus started
1,2023-07-20 10:27:33,Consensus process repeats,is In Pool:,true
2,2023-07-20 10:27:33,ValidatroInfo is: ,one,/ip4/122.177.101.141/tcp/3001/p2p/16Uiu2HAmSmYqtdcgsJauVRyQ7yHXZRuLcaNS6tnD1Nzv118SFz1W,20.603612
3,2023-07-20 10:27:33,Listner started
4,2023-07-20 10:27:33,iIsAlreadyInFile:,true
5,2023-07-20 10:27:33,Verification started
6,2023-07-20 10:27:33,Consessus started
1,2023-07-20 10:27:53,Consensus process repeats,is In Pool:,true
2,2023-07-20 10:27:53,ValidatroInfo is: ,one,/ip4/122.177.101.141/tcp/3001/p2p/16Uiu2HAmSmYqtdcgsJauVRyQ7yHXZRuLcaNS6tnD1Nzv118SFz1W,20.603612
3,2023-07-20 10:27:53,Listner started
4,2023-07-20 10:27:53,iIsAlreadyInFile:,true
5,2023-07-20 10:27:53,Verification started
6,2023-07-20 10:27:53,Consessus started
1,2023-07-20 10:28:13,Consensus process repeats,is In Pool:,true
2,2023-07-20 10:28:13,ValidatroInfo is: ,one,/ip4/122.177.101.141/tcp/3001/p2p/16Uiu2HAmSmYqtdcgsJauVRyQ7yHXZRuLcaNS6tnD1Nzv118SFz1W,20.508381
3,2023-07-20 10:28:13,Listner started
4,2023-07-20 10:28:13,iIsAlreadyInFile:,true
5,2023-07-20 10:28:13,Verification started
6,2023-07-20 10:28:13,Consessus started
1,2023-07-20 10:28:33,Consensus process repeats,is In Pool:,true
2,2023-07-20 10:28:33,ValidatroInfo is: ,one,/ip4/122.177.101.141/tcp/3001/p2p/16Uiu2HAmSmYqtdcgsJauVRyQ7yHXZRuLcaNS6tnD1Nzv118SFz1W,20.508381
3,2023-07-20 10:28:33,Listner started
4,2023-07-20 10:28:33,iIsAlreadyInFile:,true
5,2023-07-20 10:28:33,Verification started
6,2023-07-20 10:28:33,Consessus started
1,2023-07-20 10:28:53,Consensus process repeats,is In Pool:,true
2,2023-07-20 10:28:53,ValidatroInfo is: ,one,/ip4/122.177.101.141/tcp/3001/p2p/16Uiu2HAmSmYqtdcgsJauVRyQ7yHXZRuLcaNS6tnD1Nzv118SFz1W,21.055108
3,2023-07-20 10:28:53,Listner started
4,2023-07-20 10:28:53,iIsAlreadyInFile:,true
5,2023-07-20 10:28:53,Verification started
6,2023-07-20 10:28:53,Consessus started
1,2023-07-20 10:29:13,Consensus process repeats,is In Pool:,true
2,2023-07-20 10:29:13,ValidatroInfo is: ,one,/ip4/122.177.101.141/tcp/3001/p2p/16Uiu2HAmSmYqtdcgsJauVRyQ7yHXZRuLcaNS6tnD1Nzv118SFz1W,21.055108
3,2023-07-20 10:29:13,Listner started
4,2023-07-20 10:29:13,iIsAlreadyInFile:,true
5,2023-07-20 10:29:13,Verification started
6,2023-07-20 10:29:13,Consessus started
1,2023-07-20 10:29:33,Consensus process repeats,is In Pool:,true
2,2023-07-20 10:29:33,ValidatroInfo is: ,one,/ip4/122.177.101.141/tcp/3001/p2p/16Uiu2HAmSmYqtdcgsJauVRyQ7yHXZRuLcaNS6tnD1Nzv118SFz1W,20.825737
3,2023-07-20 10:29:33,Listner started
4,2023-07-20 10:29:33,iIsAlreadyInFile:,true
5,2023-07-20 10:29:33,Verification started
6,2023-07-20 10:29:33,Consessus started
1,2023-07-20 10:29:53,Consensus process repeats,is In Pool:,true
2,2023-07-20 10:29:53,ValidatroInfo is: ,one,/ip4/122.177.101.141/tcp/3001/p2p/16Uiu2HAmSmYqtdcgsJauVRyQ7yHXZRuLcaNS6tnD1Nzv118SFz1W,20.825737
3,2023-07-20 10:29:53,Listner started
4,2023-07-20 10:29:53,iIsAlreadyInFile:,true
5,2023-07-20 10:29:53,Verification started
6,2023-07-20 10:29:53,Consessus started
1,2023-07-20 10:30:13,Consensus process repeats,is In Pool:,true
2,2023-07-20 10:30:13,ValidatroInfo is: ,one,/ip4/122.177.101.141/tcp/3001/p2p/16Uiu2HAmSmYqtdcgsJauVRyQ7yHXZRuLcaNS6tnD1Nzv118SFz1W,20.678156
3,2023-07-20 10:30:13,Listner started
4,2023-07-20 10:30:13,iIsAlreadyInFile:,true
5,2023-07-20 10:30:13,Verification started
6,2023-07-20 10:30:13,Consessus started
1,2023-07-20 10:30:33,Consensus process repeats,is In Pool:,true
2,2023-07-20 10:30:33,ValidatroInfo is: ,one,/ip4/122.177.101.141/tcp/3001/p2p/16Uiu2HAmSmYqtdcgsJauVRyQ7yHXZRuLcaNS6tnD1Nzv118SFz1W,20.678156
3,2023-07-20 10:30:33,Listner started
4,2023-07-20 10:30:33,iIsAlreadyInFile:,true
5,2023-07-20 10:30:33,Verification started
6,2023-07-20 10:30:33,Consessus started
1,2023-07-20 10:30:53,Consensus process repeats,is In Pool:,true
2,2023-07-20 10:30:53,ValidatroInfo is: ,one,/ip4/122.177.101.141/tcp/3001/p2p/16Uiu2HAmSmYqtdcgsJauVRyQ7yHXZRuLcaNS6tnD1Nzv118SFz1W,21.029802
3,2023-07-20 10:30:53,Listner started
4,2023-07-20 10:30:53,iIsAlreadyInFile:,true
5,2023-07-20 10:30:53,Verification started
6,2023-07-20 10:30:53,Consessus started
1,2023-07-20 10:31:13,Consensus process repeats,is In Pool:,true
2,2023-07-20 10:31:13,ValidatroInfo is: ,one,/ip4/122.177.101.141/tcp/3001/p2p/16Uiu2HAmSmYqtdcgsJauVRyQ7yHXZRuLcaNS6tnD1Nzv118SFz1W,21.029802
3,2023-07-20 10:31:13,Listner started
4,2023-07-20 10:31:13,iIsAlreadyInFile:,true
5,2023-07-20 10:31:13,Verification started
6,2023-07-20 10:31:13,Consessus started
1,2023-07-20 10:31:33,Consensus process repeats,is In Pool:,true
2,2023-07-20 10:31:33,ValidatroInfo is: ,one,/ip4/122.177.101.141/tcp/3001/p2p/16Uiu2HAmSmYqtdcgsJauVRyQ7yHXZRuLcaNS6tnD1Nzv118SFz1W,20.757978
3,2023-07-20 10:31:33,Listner started
4,2023-07-20 10:31:33,iIsAlreadyInFile:,true
5,2023-07-20 10:31:33,Verification started
6,2023-07-20 10:31:33,Consessus started
1,2023-07-20 10:31:53,Consensus process repeats,is In Pool:,true
2,2023-07-20 10:31:53,ValidatroInfo is: ,one,/ip4/122.177.101.141/tcp/3001/p2p/16Uiu2HAmSmYqtdcgsJauVRyQ7yHXZRuLcaNS6tnD1Nzv118SFz1W,20.757978
3,2023-07-20 10:31:53,Listner started
4,2023-07-20 10:31:53,iIsAlreadyInFile:,true
5,2023-07-20 10:31:53,Verification started
6,2023-07-20 10:31:53,Consessus started
1,2023-07-20 10:32:13,Consensus process repeats,is In Pool:,true
2,2023-07-20 10:32:13,ValidatroInfo is: ,one,/ip4/122.177.101.141/tcp/3001/p2p/16Uiu2HAmSmYqtdcgsJauVRyQ7yHXZRuLcaNS6tnD1Nzv118SFz1W,21.186520
3,2023-07-20 10:32:13,Listner started
4,2023-07-20 10:32:13,iIsAlreadyInFile:,true
5,2023-07-20 10:32:13,Verification started
6,2023-07-20 10:32:13,Consessus started
1,2023-07-20 10:32:33,Consensus process repeats,is In Pool:,true
2,2023-07-20 10:32:33,ValidatroInfo is: ,one,/ip4/122.177.101.141/tcp/3001/p2p/16Uiu2HAmSmYqtdcgsJauVRyQ7yHXZRuLcaNS6tnD1Nzv118SFz1W,21.186520
3,2023-07-20 10:32:33,Listner started
4,2023-07-20 10:32:33,iIsAlreadyInFile:,true
5,2023-07-20 10:32:33,Verification started
6,2023-07-20 10:32:33,Consessus started
1,2023-07-20 10:32:53,Consensus process repeats,is In Pool:,true
2,2023-07-20 10:32:53,ValidatroInfo is: ,one,/ip4/122.177.101.141/tcp/3001/p2p/16Uiu2HAmSmYqtdcgsJauVRyQ7yHXZRuLcaNS6tnD1Nzv118SFz1W,20.669886
3,2023-07-20 10:32:53,Listner started
4,2023-07-20 10:32:53,iIsAlreadyInFile:,true
5,2023-07-20 10:32:53,Verification started
6,2023-07-20 10:32:53,Consessus started
1,2023-07-20 10:33:13,Consensus process repeats,is In Pool:,true
2,2023-07-20 10:33:13,ValidatroInfo is: ,one,/ip4/122.177.101.141/tcp/3001/p2p/16Uiu2HAmSmYqtdcgsJauVRyQ7yHXZRuLcaNS6tnD1Nzv118SFz1W,20.669886
3,2023-07-20 10:33:13,Listner started
4,2023-07-20 10:33:13,iIsAlreadyInFile:,true
5,2023-07-20 10:33:13,Verification started
6,2023-07-20 10:33:13,Consessus started
1,2023-07-20 10:33:33,Consensus process repeats,is In Pool:,true
2,2023-07-20 10:33:33,ValidatroInfo is: ,one,/ip4/122.177.101.141/tcp/3001/p2p/16Uiu2HAmSmYqtdcgsJauVRyQ7yHXZRuLcaNS6tnD1Nzv118SFz1W,20.992356
3,2023-07-20 10:33:33,Listner started
4,2023-07-20 10:33:33,iIsAlreadyInFile:,true
5,2023-07-20 10:33:33,Verification started
6,2023-07-20 10:33:33,Consessus started
1,2023-07-20 10:33:53,Consensus process repeats,is In Pool:,true
2,2023-07-20 10:33:53,ValidatroInfo is: ,one,/ip4/122.177.101.141/tcp/3001/p2p/16Uiu2HAmSmYqtdcgsJauVRyQ7yHXZRuLcaNS6tnD1Nzv118SFz1W,20.992356
3,2023-07-20 10:33:53,Listner started
4,2023-07-20 10:33:53,iIsAlreadyInFile:,true
5,2023-07-20 10:33:53,Verification started
6,2023-07-20 10:33:53,Consessus started
1,2023-07-20 10:34:13,Consensus process repeats,is In Pool:,true
2,2023-07-20 10:34:13,ValidatroInfo is: ,one,/ip4/122.177.101.141/tcp/3001/p2p/16Uiu2HAmSmYqtdcgsJauVRyQ7yHXZRuLcaNS6tnD1Nzv118SFz1W,21.327173
3,2023-07-20 10:34:13,Listner started
4,2023-07-20 10:34:13,iIsAlreadyInFile:,true
5,2023-07-20 10:34:13,Verification started
6,2023-07-20 10:34:13,Consessus started
1,2023-07-20 10:34:33,Consensus process repeats,is In Pool:,true
2,2023-07-20 10:34:33,ValidatroInfo is: ,one,/ip4/122.177.101.141/tcp/3001/p2p/16Uiu2HAmSmYqtdcgsJauVRyQ7yHXZRuLcaNS6tnD1Nzv118SFz1W,21.327173
3,2023-07-20 10:34:33,Listner started
4,2023-07-20 10:34:33,iIsAlreadyInFile:,true
5,2023-07-20 10:34:33,Verification started
6,2023-07-20 10:34:33,Consessus started
1,2023-07-20 10:34:53,Consensus process repeats,is In Pool:,true
2,2023-07-20 10:34:53,ValidatroInfo is: ,one,/ip4/122.177.101.141/tcp/3001/p2p/16Uiu2HAmSmYqtdcgsJauVRyQ7yHXZRuLcaNS6tnD1Nzv118SFz1W,21.135990
3,2023-07-20 10:34:53,Listner started
4,2023-07-20 10:34:53,iIsAlreadyInFile:,true
5,2023-07-20 10:34:53,Verification started
6,2023-07-20 10:34:53,Consessus started
1,2023-07-20 10:35:13,Consensus process repeats,is In Pool:,true
2,2023-07-20 10:35:13,ValidatroInfo is: ,one,/ip4/122.177.101.141/tcp/3001/p2p/16Uiu2HAmSmYqtdcgsJauVRyQ7yHXZRuLcaNS6tnD1Nzv118SFz1W,21.135990
3,2023-07-20 10:35:13,Listner started
4,2023-07-20 10:35:13,iIsAlreadyInFile:,true
5,2023-07-20 10:35:13,Verification started
6,2023-07-20 10:35:13,Consessus started
1,2023-07-20 10:35:33,Consensus process repeats,is In Pool:,true
2,2023-07-20 10:35:33,ValidatroInfo is: ,one,/ip4/122.177.101.141/tcp/3001/p2p/16Uiu2HAmSmYqtdcgsJauVRyQ7yHXZRuLcaNS6tnD1Nzv118SFz1W,20.366750
3,2023-07-20 10:35:33,Listner started
4,2023-07-20 10:35:33,iIsAlreadyInFile:,true
5,2023-07-20 10:35:33,Verification started
6,2023-07-20 10:35:33,Consessus started
1,2023-07-20 10:35:53,Consensus process repeats,is In Pool:,true
2,2023-07-20 10:35:53,ValidatroInfo is: ,one,/ip4/122.177.101.141/tcp/3001/p2p/16Uiu2HAmSmYqtdcgsJauVRyQ7yHXZRuLcaNS6tnD1Nzv118SFz1W,20.366750
3,2023-07-20 10:35:53,Listner started
4,2023-07-20 10:35:53,iIsAlreadyInFile:,true
5,2023-07-20 10:35:53,Verification started
6,2023-07-20 10:35:53,Consessus started
1,2023-07-20 10:36:13,Consensus process repeats,is In Pool:,true
2,2023-07-20 10:36:13,ValidatroInfo is: ,one,/ip4/122.177.101.141/tcp/3001/p2p/16Uiu2HAmSmYqtdcgsJauVRyQ7yHXZRuLcaNS6tnD1Nzv118SFz1W,20.996899
3,2023-07-20 10:36:13,Listner started
4,2023-07-20 10:36:13,iIsAlreadyInFile:,true
5,2023-07-20 10:36:13,Verification started
6,2023-07-20 10:36:13,Consessus started
1,2023-07-20 10:36:33,Consensus process repeats,is In Pool:,true
2,2023-07-20 10:36:33,ValidatroInfo is: ,one,/ip4/122.177.101.141/tcp/3001/p2p/16Uiu2HAmSmYqtdcgsJauVRyQ7yHXZRuLcaNS6tnD1Nzv118SFz1W,20.996899
3,2023-07-20 10:36:33,Listner started
4,2023-07-20 10:36:33,iIsAlreadyInFile:,true
5,2023-07-20 10:36:33,Verification started
6,2023-07-20 10:36:33,Consessus started
1,2023-07-20 10:36:53,Consensus process repeats,is In Pool:,true
2,2023-07-20 10:36:53,ValidatroInfo is: ,one,/ip4/122.177.101.141/tcp/3001/p2p/16Uiu2HAmSmYqtdcgsJauVRyQ7yHXZRuLcaNS6tnD1Nzv118SFz1W,20.507048
3,2023-07-20 10:36:53,Listner started
4,2023-07-20 10:36:53,iIsAlreadyInFile:,true
5,2023-07-20 10:36:53,Verification started
6,2023-07-20 10:36:53,Consessus started
1,2023-07-20 10:37:13,Consensus process repeats,is In Pool:,true
2,2023-07-20 10:37:13,ValidatroInfo is: ,one,/ip4/122.177.101.141/tcp/3001/p2p/16Uiu2HAmSmYqtdcgsJauVRyQ7yHXZRuLcaNS6tnD1Nzv118SFz1W,20.507048
3,2023-07-20 10:37:13,Listner started
4,2023-07-20 10:37:13,iIsAlreadyInFile:,true
5,2023-07-20 10:37:13,Verification started
6,2023-07-20 10:37:13,Consessus started
1,2023-07-20 10:37:33,Consensus process repeats,is In Pool:,true
2,2023-07-20 10:37:33,ValidatroInfo is: ,one,/ip4/122.177.101.141/tcp/3001/p2p/16Uiu2HAmSmYqtdcgsJauVRyQ7yHXZRuLcaNS6tnD1Nzv118SFz1W,20.519639
3,2023-07-20 10:37:33,Listner started
4,2023-07-20 10:37:33,iIsAlreadyInFile:,true
5,2023-07-20 10:37:33,Verification started
6,2023-07-20 10:37:33,Consessus started
1,2023-07-20 10:37:53,Consensus process repeats,is In Pool:,true
2,2023-07-20 10:37:53,ValidatroInfo is: ,one,/ip4/122.177.101.141/tcp/3001/p2p/16Uiu2HAmSmYqtdcgsJauVRyQ7yHXZRuLcaNS6tnD1Nzv118SFz1W,20.519639
3,2023-07-20 10:37:53,Listner started
4,2023-07-20 10:37:53,iIsAlreadyInFile:,true
5,2023-07-20 10:37:53,Verification started
6,2023-07-20 10:37:53,Consessus started
1,2023-07-20 10:38:13,Consensus process repeats,is In Pool:,true
2,2023-07-20 10:38:13,ValidatroInfo is: ,one,/ip4/122.177.101.141/tcp/3001/p2p/16Uiu2HAmSmYqtdcgsJauVRyQ7yHXZRuLcaNS6tnD1Nzv118SFz1W,20.799431
3,2023-07-20 10:38:13,Listner started
4,2023-07-20 10:38:13,iIsAlreadyInFile:,true
5,2023-07-20 10:38:13,Verification started
6,2023-07-20 10:38:13,Consessus started
1,2023-07-20 10:38:33,Consensus process repeats,is In Pool:,true
2,2023-07-20 10:38:33,ValidatroInfo is: ,one,/ip4/122.177.101.141/tcp/3001/p2p/16Uiu2HAmSmYqtdcgsJauVRyQ7yHXZRuLcaNS6tnD1Nzv118SFz1W,20.799431
3,2023-07-20 10:38:33,Listner started
4,2023-07-20 10:38:33,iIsAlreadyInFile:,true
5,2023-07-20 10:38:33,Verification started
6,2023-07-20 10:38:33,Consessus started
1,2023-07-20 10:38:53,Consensus process repeats,is In Pool:,true
2,2023-07-20 10:38:53,ValidatroInfo is: ,one,/ip4/122.177.101.141/tcp/3001/p2p/16Uiu2HAmSmYqtdcgsJauVRyQ7yHXZRuLcaNS6tnD1Nzv118SFz1W,20.756743
3,2023-07-20 10:38:53,Listner started
4,2023-07-20 10:38:53,iIsAlreadyInFile:,true
5,2023-07-20 10:38:53,Verification started
6,2023-07-20 10:38:53,Consessus started
1,2023-07-20 10:39:13,Consensus process repeats,is In Pool:,true
2,2023-07-20 10:39:13,ValidatroInfo is: ,one,/ip4/122.177.101.141/tcp/3001/p2p/16Uiu2HAmSmYqtdcgsJauVRyQ7yHXZRuLcaNS6tnD1Nzv118SFz1W,20.756743
3,2023-07-20 10:39:13,Listner started
4,2023-07-20 10:39:13,iIsAlreadyInFile:,true
5,2023-07-20 10:39:13,Verification started
6,2023-07-20 10:39:13,Consessus started
1,2023-07-20 10:39:33,Consensus process repeats,is In Pool:,true
2,2023-07-20 10:39:33,ValidatroInfo is: ,one,/ip4/122.177.101.141/tcp/3001/p2p/16Uiu2HAmSmYqtdcgsJauVRyQ7yHXZRuLcaNS6tnD1Nzv118SFz1W,21.136391
3,2023-07-20 10:39:33,Listner started
4,2023-07-20 10:39:33,iIsAlreadyInFile:,true
5,2023-07-20 10:39:33,Verification started
6,2023-07-20 10:39:33,Consessus started
1,2023-07-20 10:39:53,Consensus process repeats,is In Pool:,true
2,2023-07-20 10:39:53,ValidatroInfo is: ,one,/ip4/122.177.101.141/tcp/3001/p2p/16Uiu2HAmSmYqtdcgsJauVRyQ7yHXZRuLcaNS6tnD1Nzv118SFz1W,21.136391
3,2023-07-20 10:39:53,Listner started
4,2023-07-20 10:39:53,iIsAlreadyInFile:,true
5,2023-07-20 10:39:53,Verification started
6,2023-07-20 10:39:53,Consessus started
1,2023-07-20 10:40:13,Consensus process repeats,is In Pool:,true
2,2023-07-20 10:40:13,ValidatroInfo is: ,one,/ip4/122.177.101.141/tcp/3001/p2p/16Uiu2HAmSmYqtdcgsJauVRyQ7yHXZRuLcaNS6tnD1Nzv118SFz1W,20.782517
3,2023-07-20 10:40:13,Listner started
4,2023-07-20 10:40:13,iIsAlreadyInFile:,true
5,2023-07-20 10:40:13,Verification started
6,2023-07-20 10:40:13,Consessus started
1,2023-07-20 10:40:33,Consensus process repeats,is In Pool:,true
2,2023-07-20 10:40:33,ValidatroInfo is: ,one,/ip4/122.177.101.141/tcp/3001/p2p/16Uiu2HAmSmYqtdcgsJauVRyQ7yHXZRuLcaNS6tnD1Nzv118SFz1W,20.782517
3,2023-07-20 10:40:33,Listner started
4,2023-07-20 10:40:33,iIsAlreadyInFile:,true
5,2023-07-20 10:40:33,Verification started
6,2023-07-20 10:40:33,Consessus started
1,2023-07-20 10:40:53,Consensus process repeats,is In Pool:,true
2,2023-07-20 10:40:53,ValidatroInfo is: ,one,/ip4/122.177.101.141/tcp/3001/p2p/16Uiu2HAmSmYqtdcgsJauVRyQ7yHXZRuLcaNS6tnD1Nzv118SFz1W,21.228737
3,2023-07-20 10:40:53,Listner started
4,2023-07-20 10:40:53,iIsAlreadyInFile:,true
5,2023-07-20 10:40:53,Verification started
6,2023-07-20 10:40:53,Consessus started
1,2023-07-20 10:41:13,Consensus process repeats,is In Pool:,true
2,2023-07-20 10:41:13,ValidatroInfo is: ,one,/ip4/122.177.101.141/tcp/3001/p2p/16Uiu2HAmSmYqtdcgsJauVRyQ7yHXZRuLcaNS6tnD1Nzv118SFz1W,21.228737
3,2023-07-20 10:41:13,Listner started
4,2023-07-20 10:41:13,iIsAlreadyInFile:,true
5,2023-07-20 10:41:13,Verification started
6,2023-07-20 10:41:13,Consessus started
1,2023-07-20 10:41:33,Consensus process repeats,is In Pool:,true
2,2023-07-20 10:41:33,ValidatroInfo is: ,one,/ip4/122.177.101.141/tcp/3001/p2p/16Uiu2HAmSmYqtdcgsJauVRyQ7yHXZRuLcaNS6tnD1Nzv118SFz1W,20.424127
3,2023-07-20 10:41:33,Listner started
4,2023-07-20 10:41:33,iIsAlreadyInFile:,true
5,2023-07-20 10:41:33,Verification started
6,2023-07-20 10:41:33,Consessus started
1,2023-07-20 10:41:53,Consensus process repeats,is In Pool:,true
2,2023-07-20 10:41:53,ValidatroInfo is: ,one,/ip4/122.177.101.141/tcp/3001/p2p/16Uiu2HAmSmYqtdcgsJauVRyQ7yHXZRuLcaNS6tnD1Nzv118SFz1W,20.424127
3,2023-07-20 10:41:53,Listner started
4,2023-07-20 10:41:53,iIsAlreadyInFile:,true
5,2023-07-20 10:41:53,Verification started
6,2023-07-20 10:41:53,Consessus started
1,2023-07-20 10:42:13,Consensus process repeats,is In Pool:,true
2,2023-07-20 10:42:13,ValidatroInfo is: ,one,/ip4/122.177.101.141/tcp/3001/p2p/16Uiu2HAmSmYqtdcgsJauVRyQ7yHXZRuLcaNS6tnD1Nzv118SFz1W,20.946731
3,2023-07-20 10:42:13,Listner started
4,2023-07-20 10:42:13,iIsAlreadyInFile:,true
5,2023-07-20 10:42:13,Verification started
6,2023-07-20 10:42:13,Consessus started
1,2023-07-20 10:42:33,Consensus process repeats,is In Pool:,true
2,2023-07-20 10:42:33,ValidatroInfo is: ,one,/ip4/122.177.101.141/tcp/3001/p2p/16Uiu2HAmSmYqtdcgsJauVRyQ7yHXZRuLcaNS6tnD1Nzv118SFz1W,20.946731
3,2023-07-20 10:42:33,Listner started
4,2023-07-20 10:42:33,iIsAlreadyInFile:,true
5,2023-07-20 10:42:33,Verification started
6,2023-07-20 10:42:33,Consessus started
1,2023-07-20 10:42:53,Consensus process repeats,is In Pool:,true
2,2023-07-20 10:42:53,ValidatroInfo is: ,one,/ip4/122.177.101.141/tcp/3001/p2p/16Uiu2HAmSmYqtdcgsJauVRyQ7yHXZRuLcaNS6tnD1Nzv118SFz1W,21.115313
3,2023-07-20 10:42:53,Listner started
4,2023-07-20 10:42:53,iIsAlreadyInFile:,true
5,2023-07-20 10:42:53,Verification started
6,2023-07-20 10:42:53,Consessus started
1,2023-07-20 10:43:13,Consensus process repeats,is In Pool:,true
2,2023-07-20 10:43:13,ValidatroInfo is: ,one,/ip4/122.177.101.141/tcp/3001/p2p/16Uiu2HAmSmYqtdcgsJauVRyQ7yHXZRuLcaNS6tnD1Nzv118SFz1W,21.115313
3,2023-07-20 10:43:13,Listner started
4,2023-07-20 10:43:13,iIsAlreadyInFile:,true
5,2023-07-20 10:43:13,Verification started
6,2023-07-20 10:43:13,Consessus started
1,2023-07-20 10:43:33,Consensus process repeats,is In Pool:,true
2,2023-07-20 10:43:33,ValidatroInfo is: ,one,/ip4/122.177.101.141/tcp/3001/p2p/16Uiu2HAmSmYqtdcgsJauVRyQ7yHXZRuLcaNS6tnD1Nzv118SFz1W,20.740501
3,2023-07-20 10:43:33,Listner started
4,2023-07-20 10:43:33,iIsAlreadyInFile:,true
5,2023-07-20 10:43:33,Verification started
6,2023-07-20 10:43:33,Consessus started
1,2023-07-20 10:43:53,Consensus process repeats,is In Pool:,true
2,2023-07-20 10:43:53,ValidatroInfo is: ,one,/ip4/122.177.101.141/tcp/3001/p2p/16Uiu2HAmSmYqtdcgsJauVRyQ7yHXZRuLcaNS6tnD1Nzv118SFz1W,20.740501
3,2023-07-20 10:43:53,Listner started
4,2023-07-20 10:43:53,iIsAlreadyInFile:,true
5,2023-07-20 10:43:53,Verification started
6,2023-07-20 10:43:53,Consessus started
1,2023-07-20 10:44:13,Consensus process repeats,is In Pool:,true
2,2023-07-20 10:44:13,ValidatroInfo is: ,one,/ip4/122.177.101.141/tcp/3001/p2p/16Uiu2HAmSmYqtdcgsJauVRyQ7yHXZRuLcaNS6tnD1Nzv118SFz1W,21.101521
3,2023-07-20 10:44:13,Listner started
4,2023-07-20 10:44:13,iIsAlreadyInFile:,true
5,2023-07-20 10:44:13,Verification started
6,2023-07-20 10:44:13,Consessus started
1,2023-07-20 10:44:33,Consensus process repeats,is In Pool:,true
2,2023-07-20 10:44:33,ValidatroInfo is: ,one,/ip4/122.177.101.141/tcp/3001/p2p/16Uiu2HAmSmYqtdcgsJauVRyQ7yHXZRuLcaNS6tnD1Nzv118SFz1W,21.101521
3,2023-07-20 10:44:33,Listner started
4,2023-07-20 10:44:33,iIsAlreadyInFile:,true
5,2023-07-20 10:44:33,Verification started
6,2023-07-20 10:44:33,Consessus started
1,2023-07-20 10:44:53,Consensus process repeats,is In Pool:,true
2,2023-07-20 10:44:53,ValidatroInfo is: ,one,/ip4/122.177.101.141/tcp/3001/p2p/16Uiu2HAmSmYqtdcgsJauVRyQ7yHXZRuLcaNS6tnD1Nzv118SFz1W,21.351381
3,2023-07-20 10:44:53,Listner started
4,2023-07-20 10:44:53,iIsAlreadyInFile:,true
5,2023-07-20 10:44:53,Verification started
6,2023-07-20 10:44:53,Consessus started
1,2023-07-20 10:45:13,Consensus process repeats,is In Pool:,true
2,2023-07-20 10:45:13,ValidatroInfo is: ,one,/ip4/122.177.101.141/tcp/3001/p2p/16Uiu2HAmSmYqtdcgsJauVRyQ7yHXZRuLcaNS6tnD1Nzv118SFz1W,21.351381
3,2023-07-20 10:45:13,Listner started
4,2023-07-20 10:45:13,iIsAlreadyInFile:,true
5,2023-07-20 10:45:13,Verification started
6,2023-07-20 10:45:13,Consessus started
1,2023-07-20 10:45:33,Consensus process repeats,is In Pool:,true
2,2023-07-20 10:45:33,ValidatroInfo is: ,one,/ip4/122.177.101.141/tcp/3001/p2p/16Uiu2HAmSmYqtdcgsJauVRyQ7yHXZRuLcaNS6tnD1Nzv118SFz1W,21.361286
3,2023-07-20 10:45:33,Listner started
4,2023-07-20 10:45:33,iIsAlreadyInFile:,true
5,2023-07-20 10:45:33,Verification started
6,2023-07-20 10:45:33,Consessus started
1,2023-07-20 10:45:53,Consensus process repeats,is In Pool:,true
2,2023-07-20 10:45:53,ValidatroInfo is: ,one,/ip4/122.177.101.141/tcp/3001/p2p/16Uiu2HAmSmYqtdcgsJauVRyQ7yHXZRuLcaNS6tnD1Nzv118SFz1W,21.361286
3,2023-07-20 10:45:53,Listner started
4,2023-07-20 10:45:53,iIsAlreadyInFile:,true
5,2023-07-20 10:45:53,Verification started
6,2023-07-20 10:45:53,Consessus started
1,2023-07-20 10:46:13,Consensus process repeats,is In Pool:,true
2,2023-07-20 10:46:13,ValidatroInfo is: ,one,/ip4/122.177.101.141/tcp/3001/p2p/16Uiu2HAmSmYqtdcgsJauVRyQ7yHXZRuLcaNS6tnD1Nzv118SFz1W,20.802150
3,2023-07-20 10:46:13,Listner started
4,2023-07-20 10:46:13,iIsAlreadyInFile:,true
5,2023-07-20 10:46:13,Verification started
6,2023-07-20 10:46:13,Consessus started
1,2023-07-20 10:46:33,Consensus process repeats,is In Pool:,true
2,2023-07-20 10:46:33,ValidatroInfo is: ,one,/ip4/122.177.101.141/tcp/3001/p2p/16Uiu2HAmSmYqtdcgsJauVRyQ7yHXZRuLcaNS6tnD1Nzv118SFz1W,20.802150
3,2023-07-20 10:46:33,Listner started
4,2023-07-20 10:46:33,iIsAlreadyInFile:,true
5,2023-07-20 10:46:33,Verification started
6,2023-07-20 10:46:33,Consessus started
1,2023-07-20 10:46:53,Consensus process repeats,is In Pool:,true
2,2023-07-20 10:46:53,ValidatroInfo is: ,one,/ip4/122.177.101.141/tcp/3001/p2p/16Uiu2HAmSmYqtdcgsJauVRyQ7yHXZRuLcaNS6tnD1Nzv118SFz1W,20.921921
3,2023-07-20 10:46:53,Listner started
4,2023-07-20 10:46:53,iIsAlreadyInFile:,true
5,2023-07-20 10:46:53,Verification started
6,2023-07-20 10:46:53,Consessus started
1,2023-07-20 10:47:13,Consensus process repeats,is In Pool:,true
2,2023-07-20 10:47:13,ValidatroInfo is: ,one,/ip4/122.177.101.141/tcp/3001/p2p/16Uiu2HAmSmYqtdcgsJauVRyQ7yHXZRuLcaNS6tnD1Nzv118SFz1W,20.921921
3,2023-07-20 10:47:13,Listner started
4,2023-07-20 10:47:13,iIsAlreadyInFile:,true
5,2023-07-20 10:47:13,Verification started
6,2023-07-20 10:47:13,Consessus started
1,2023-07-20 10:47:33,Consensus process repeats,is In Pool:,true
2,2023-07-20 10:47:33,ValidatroInfo is: ,one,/ip4/122.177.101.141/tcp/3001/p2p/16Uiu2HAmSmYqtdcgsJauVRyQ7yHXZRuLcaNS6tnD1Nzv118SFz1W,20.578387
3,2023-07-20 10:47:33,Listner started
4,2023-07-20 10:47:33,iIsAlreadyInFile:,true
5,2023-07-20 10:47:33,Verification started
6,2023-07-20 10:47:33,Consessus started
1,2023-07-20 10:47:53,Consensus process repeats,is In Pool:,true
2,2023-07-20 10:47:53,ValidatroInfo is: ,one,/ip4/122.177.101.141/tcp/3001/p2p/16Uiu2HAmSmYqtdcgsJauVRyQ7yHXZRuLcaNS6tnD1Nzv118SFz1W,20.578387
3,2023-07-20 10:47:53,Listner started
4,2023-07-20 10:47:53,iIsAlreadyInFile:,true
5,2023-07-20 10:47:53,Verification started
6,2023-07-20 10:47:53,Consessus started
1,2023-07-20 10:48:13,Consensus process repeats,is In Pool:,true
2,2023-07-20 10:48:13,ValidatroInfo is: ,one,/ip4/122.177.101.141/tcp/3001/p2p/16Uiu2HAmSmYqtdcgsJauVRyQ7yHXZRuLcaNS6tnD1Nzv118SFz1W,21.051803
3,2023-07-20 10:48:13,Listner started
4,2023-07-20 10:48:13,iIsAlreadyInFile:,true
5,2023-07-20 10:48:13,Verification started
6,2023-07-20 10:48:13,Consessus started
1,2023-07-20 10:48:33,Consensus process repeats,is In Pool:,true
2,2023-07-20 10:48:33,ValidatroInfo is: ,one,/ip4/122.177.101.141/tcp/3001/p2p/16Uiu2HAmSmYqtdcgsJauVRyQ7yHXZRuLcaNS6tnD1Nzv118SFz1W,21.051803
3,2023-07-20 10:48:33,Listner started
4,2023-07-20 10:48:33,iIsAlreadyInFile:,true
5,2023-07-20 10:48:33,Verification started
6,2023-07-20 10:48:33,Consessus started
1,2023-07-20 10:48:53,Consensus process repeats,is In Pool:,true
2,2023-07-20 10:48:53,ValidatroInfo is: ,one,/ip4/122.177.101.141/tcp/3001/p2p/16Uiu2HAmSmYqtdcgsJauVRyQ7yHXZRuLcaNS6tnD1Nzv118SFz1W,20.376202
3,2023-07-20 10:48:53,Listner started
4,2023-07-20 10:48:53,iIsAlreadyInFile:,true
5,2023-07-20 10:48:53,Verification started
6,2023-07-20 10:48:53,Consessus started
1,2023-07-20 10:49:13,Consensus process repeats,is In Pool:,true
2,2023-07-20 10:49:13,ValidatroInfo is: ,one,/ip4/122.177.101.141/tcp/3001/p2p/16Uiu2HAmSmYqtdcgsJauVRyQ7yHXZRuLcaNS6tnD1Nzv118SFz1W,20.376202
3,2023-07-20 10:49:13,Listner started
4,2023-07-20 10:49:13,iIsAlreadyInFile:,true
5,2023-07-20 10:49:13,Verification started
6,2023-07-20 10:49:13,Consessus started
1,2023-07-20 10:49:33,Consensus process repeats,is In Pool:,true
2,2023-07-20 10:49:33,ValidatroInfo is: ,one,/ip4/122.177.101.141/tcp/3001/p2p/16Uiu2HAmSmYqtdcgsJauVRyQ7yHXZRuLcaNS6tnD1Nzv118SFz1W,20.914792
3,2023-07-20 10:49:33,Listner started
4,2023-07-20 10:49:33,iIsAlreadyInFile:,true
5,2023-07-20 10:49:33,Verification started
6,2023-07-20 10:49:33,Consessus started
1,2023-07-20 10:49:53,Consensus process repeats,is In Pool:,true
2,2023-07-20 10:49:53,ValidatroInfo is: ,one,/ip4/122.177.101.141/tcp/3001/p2p/16Uiu2HAmSmYqtdcgsJauVRyQ7yHXZRuLcaNS6tnD1Nzv118SFz1W,20.914792
3,2023-07-20 10:49:53,Listner started
4,2023-07-20 10:49:53,iIsAlreadyInFile:,true
5,2023-07-20 10:49:53,Verification started
6,2023-07-20 10:49:53,Consessus started
1,2023-07-20 10:50:13,Consensus process repeats,is In Pool:,true
2,2023-07-20 10:50:13,ValidatroInfo is: ,one,/ip4/122.177.101.141/tcp/3001/p2p/16Uiu2HAmSmYqtdcgsJauVRyQ7yHXZRuLcaNS6tnD1Nzv118SFz1W,20.839196
3,2023-07-20 10:50:13,Listner started
4,2023-07-20 10:50:13,iIsAlreadyInFile:,true
5,2023-07-20 10:50:13,Verification started
6,2023-07-20 10:50:13,Consessus started
1,2023-07-20 10:50:33,Consensus process repeats,is In Pool:,true
2,2023-07-20 10:50:33,ValidatroInfo is: ,one,/ip4/122.177.101.141/tcp/3001/p2p/16Uiu2HAmSmYqtdcgsJauVRyQ7yHXZRuLcaNS6tnD1Nzv118SFz1W,20.839196
3,2023-07-20 10:50:33,Listner started
4,2023-07-20 10:50:33,iIsAlreadyInFile:,true
5,2023-07-20 10:50:33,Verification started
6,2023-07-20 10:50:33,Consessus started
1,2023-07-20 10:50:53,Consensus process repeats,is In Pool:,true
2,2023-07-20 10:50:53,ValidatroInfo is: ,one,/ip4/122.177.101.141/tcp/3001/p2p/16Uiu2HAmSmYqtdcgsJauVRyQ7yHXZRuLcaNS6tnD1Nzv118SFz1W,20.534255
3,2023-07-20 10:50:53,Listner started
4,2023-07-20 10:50:53,iIsAlreadyInFile:,true
5,2023-07-20 10:50:53,Verification started
6,2023-07-20 10:50:53,Consessus started
1,2023-07-20 10:51:13,Consensus process repeats,is In Pool:,true
2,2023-07-20 10:51:13,ValidatroInfo is: ,one,/ip4/122.177.101.141/tcp/3001/p2p/16Uiu2HAmSmYqtdcgsJauVRyQ7yHXZRuLcaNS6tnD1Nzv118SFz1W,20.534255
3,2023-07-20 10:51:13,Listner started
4,2023-07-20 10:51:13,iIsAlreadyInFile:,true
5,2023-07-20 10:51:13,Verification started
6,2023-07-20 10:51:13,Consessus started
1,2023-07-20 10:51:33,Consensus process repeats,is In Pool:,true
2,2023-07-20 10:51:33,ValidatroInfo is: ,one,/ip4/122.177.101.141/tcp/3001/p2p/16Uiu2HAmSmYqtdcgsJauVRyQ7yHXZRuLcaNS6tnD1Nzv118SFz1W,20.826615
3,2023-07-20 10:51:33,Listner started
4,2023-07-20 10:51:33,iIsAlreadyInFile:,true
5,2023-07-20 10:51:33,Verification started
6,2023-07-20 10:51:33,Consessus started
1,2023-07-20 10:51:53,Consensus process repeats,is In Pool:,true
2,2023-07-20 10:51:53,ValidatroInfo is: ,one,/ip4/122.177.101.141/tcp/3001/p2p/16Uiu2HAmSmYqtdcgsJauVRyQ7yHXZRuLcaNS6tnD1Nzv118SFz1W,20.826615
3,2023-07-20 10:51:53,Listner started
4,2023-07-20 10:51:53,iIsAlreadyInFile:,true
5,2023-07-20 10:51:53,Verification started
6,2023-07-20 10:51:53,Consessus started
1,2023-07-20 10:52:13,Consensus process repeats,is In Pool:,true
2,2023-07-20 10:52:13,ValidatroInfo is: ,one,/ip4/122.177.101.141/tcp/3001/p2p/16Uiu2HAmSmYqtdcgsJauVRyQ7yHXZRuLcaNS6tnD1Nzv118SFz1W,20.958300
3,2023-07-20 10:52:13,Listner started
4,2023-07-20 10:52:13,iIsAlreadyInFile:,true
5,2023-07-20 10:52:13,Verification started
6,2023-07-20 10:52:13,Consessus started
1,2023-07-20 11:32:58,Consensus process repeats,is In Pool:,true
2,2023-07-20 11:32:58,ValidatroInfo is: ,one,/ip4/122.177.101.141/tcp/3001/p2p/16Uiu2HAmSmYqtdcgsJauVRyQ7yHXZRuLcaNS6tnD1Nzv118SFz1W,20.958300
3,2023-07-20 11:32:59,Listner started
4,2023-07-20 11:32:59,iIsAlreadyInFile:,true
5,2023-07-20 11:32:59,Verification started
6,2023-07-20 11:32:59,Consessus started
1,2023-07-20 11:33:13,Consensus process repeats,is In Pool:,true
2,2023-07-20 11:33:13,ValidatroInfo is: ,one,/ip4/122.177.101.141/tcp/3001/p2p/16Uiu2HAmSmYqtdcgsJauVRyQ7yHXZRuLcaNS6tnD1Nzv118SFz1W,20.445498
3,2023-07-20 11:33:13,Listner started
4,2023-07-20 11:33:13,iIsAlreadyInFile:,true
5,2023-07-20 11:33:13,Verification started
6,2023-07-20 11:33:13,Consessus started
1,2023-07-20 11:33:33,Consensus process repeats,is In Pool:,true
2,2023-07-20 11:33:33,ValidatroInfo is: ,one,/ip4/122.177.101.141/tcp/3001/p2p/16Uiu2HAmSmYqtdcgsJauVRyQ7yHXZRuLcaNS6tnD1Nzv118SFz1W,20.858107
3,2023-07-20 11:33:33,Listner started
4,2023-07-20 11:33:33,iIsAlreadyInFile:,true
5,2023-07-20 11:33:33,Verification started
6,2023-07-20 11:33:33,Consessus started
1,2023-07-20 11:33:53,Consensus process repeats,is In Pool:,true
2,2023-07-20 11:33:53,ValidatroInfo is: ,one,/ip4/122.177.101.141/tcp/3001/p2p/16Uiu2HAmSmYqtdcgsJauVRyQ7yHXZRuLcaNS6tnD1Nzv118SFz1W,20.858107
3,2023-07-20 11:33:53,Listner started
4,2023-07-20 11:33:53,iIsAlreadyInFile:,true
5,2023-07-20 11:33:53,Verification started
6,2023-07-20 11:33:53,Consessus started
1,2023-07-20 11:34:13,Consensus process repeats,is In Pool:,true
2,2023-07-20 11:34:13,ValidatroInfo is: ,one,/ip4/122.177.101.141/tcp/3001/p2p/16Uiu2HAmSmYqtdcgsJauVRyQ7yHXZRuLcaNS6tnD1Nzv118SFz1W,20.567052
3,2023-07-20 11:34:13,Listner started
4,2023-07-20 11:34:13,iIsAlreadyInFile:,true
5,2023-07-20 11:34:13,Verification started
6,2023-07-20 11:34:13,Consessus started
1,2023-07-20 11:34:33,Consensus process repeats,is In Pool:,true
2,2023-07-20 11:34:33,ValidatroInfo is: ,one,/ip4/122.177.101.141/tcp/3001/p2p/16Uiu2HAmSmYqtdcgsJauVRyQ7yHXZRuLcaNS6tnD1Nzv118SFz1W,20.567052
3,2023-07-20 11:34:33,Listner started
4,2023-07-20 11:34:33,iIsAlreadyInFile:,true
5,2023-07-20 11:34:33,Verification started
6,2023-07-20 11:34:33,Consessus started
1,2023-07-20 11:34:53,Consensus process repeats,is In Pool:,true
2,2023-07-20 11:34:53,ValidatroInfo is: ,one,/ip4/122.177.101.141/tcp/3001/p2p/16Uiu2HAmSmYqtdcgsJauVRyQ7yHXZRuLcaNS6tnD1Nzv118SFz1W,20.334999
3,2023-07-20 11:34:53,Listner started
4,2023-07-20 11:34:53,iIsAlreadyInFile:,true
5,2023-07-20 11:34:53,Verification started
6,2023-07-20 11:34:53,Consessus started
1,2023-07-20 11:48:47,Consensus process repeats,is In Pool:,true
2,2023-07-20 11:48:48,ValidatroInfo is: ,one,/ip4/122.177.101.141/tcp/3001/p2p/16Uiu2HAmSmYqtdcgsJauVRyQ7yHXZRuLcaNS6tnD1Nzv118SFz1W,20.334999
3,2023-07-20 11:48:48,Listner started
4,2023-07-20 11:48:48,iIsAlreadyInFile:,true
5,2023-07-20 11:48:48,Verification started
6,2023-07-20 11:48:48,Consessus started
1,2023-07-20 11:48:53,Consensus process repeats,is In Pool:,true
2,2023-07-20 11:48:53,ValidatroInfo is: ,one,/ip4/122.177.101.141/tcp/3001/p2p/16Uiu2HAmSmYqtdcgsJauVRyQ7yHXZRuLcaNS6tnD1Nzv118SFz1W,20.334999
3,2023-07-20 11:48:53,Listner started
4,2023-07-20 11:48:53,iIsAlreadyInFile:,true
5,2023-07-20 11:48:53,Verification started
6,2023-07-20 11:48:53,Consessus started
1,2023-07-20 11:49:13,Consensus process repeats,is In Pool:,true
2,2023-07-20 11:49:13,ValidatroInfo is: ,one,/ip4/122.177.101.141/tcp/3001/p2p/16Uiu2HAmSmYqtdcgsJauVRyQ7yHXZRuLcaNS6tnD1Nzv118SFz1W,21.078754
3,2023-07-20 11:49:13,Listner started
4,2023-07-20 11:49:13,iIsAlreadyInFile:,true
5,2023-07-20 11:49:13,Verification started
6,2023-07-20 11:49:13,Consessus started
1,2023-07-20 11:49:33,Consensus process repeats,is In Pool:,true
2,2023-07-20 11:49:33,ValidatroInfo is: ,one,/ip4/122.177.101.141/tcp/3001/p2p/16Uiu2HAmSmYqtdcgsJauVRyQ7yHXZRuLcaNS6tnD1Nzv118SFz1W,21.112363
3,2023-07-20 11:49:33,Listner started
4,2023-07-20 11:49:33,iIsAlreadyInFile:,true
5,2023-07-20 11:49:33,Verification started
6,2023-07-20 11:49:33,Consessus started
1,2023-07-20 11:49:53,Consensus process repeats,is In Pool:,true
2,2023-07-20 11:49:53,ValidatroInfo is: ,one,/ip4/122.177.101.141/tcp/3001/p2p/16Uiu2HAmSmYqtdcgsJauVRyQ7yHXZRuLcaNS6tnD1Nzv118SFz1W,21.112363
3,2023-07-20 11:49:53,Listner started
4,2023-07-20 11:49:53,iIsAlreadyInFile:,true
5,2023-07-20 11:49:53,Verification started
6,2023-07-20 11:49:53,Consessus started
1,2023-07-20 12:14:12,Consensus process repeats,is In Pool:,true
2,2023-07-20 12:14:13,ValidatroInfo is: ,one,/ip4/122.177.101.141/tcp/3001/p2p/16Uiu2HAmSmYqtdcgsJauVRyQ7yHXZRuLcaNS6tnD1Nzv118SFz1W,21.112363
3,2023-07-20 12:14:13,Listner started
4,2023-07-20 12:14:13,iIsAlreadyInFile:,true
5,2023-07-20 12:14:13,Verification started
6,2023-07-20 12:14:13,Consessus started
1,2023-07-20 12:14:14,Consensus process repeats,is In Pool:,true
2,2023-07-20 12:14:14,ValidatroInfo is: ,one,/ip4/122.177.101.141/tcp/3001/p2p/16Uiu2HAmSmYqtdcgsJauVRyQ7yHXZRuLcaNS6tnD1Nzv118SFz1W,21.112363
3,2023-07-20 12:14:14,Listner started
4,2023-07-20 12:14:14,iIsAlreadyInFile:,true
5,2023-07-20 12:14:14,Verification started
6,2023-07-20 12:14:14,Consessus started
1,2023-07-20 12:14:33,Consensus process repeats,is In Pool:,true
2,2023-07-20 12:14:33,ValidatroInfo is: ,one,/ip4/122.177.101.141/tcp/3001/p2p/16Uiu2HAmSmYqtdcgsJauVRyQ7yHXZRuLcaNS6tnD1Nzv118SFz1W,21.099443
3,2023-07-20 12:14:33,Listner started
4,2023-07-20 12:14:33,iIsAlreadyInFile:,true
5,2023-07-20 12:14:33,Verification started
6,2023-07-20 12:14:33,Consessus started
1,2023-07-20 12:14:53,Consensus process repeats,is In Pool:,true
2,2023-07-20 12:14:53,ValidatroInfo is: ,one,/ip4/122.177.101.141/tcp/3001/p2p/16Uiu2HAmSmYqtdcgsJauVRyQ7yHXZRuLcaNS6tnD1Nzv118SFz1W,21.298587
3,2023-07-20 12:14:53,Listner started
4,2023-07-20 12:14:53,iIsAlreadyInFile:,true
5,2023-07-20 12:14:53,Verification started
6,2023-07-20 12:14:53,Consessus started
1,2023-07-20 12:15:13,Consensus process repeats,is In Pool:,true
2,2023-07-20 12:15:13,ValidatroInfo is: ,one,/ip4/122.177.101.141/tcp/3001/p2p/16Uiu2HAmSmYqtdcgsJauVRyQ7yHXZRuLcaNS6tnD1Nzv118SFz1W,21.298587
3,2023-07-20 12:15:13,Listner started
4,2023-07-20 12:15:13,iIsAlreadyInFile:,true
5,2023-07-20 12:15:13,Verification started
6,2023-07-20 12:15:13,Consessus started
1,2023-07-20 12:15:33,Consensus process repeats,is In Pool:,true
2,2023-07-20 12:15:33,ValidatroInfo is: ,one,/ip4/122.177.101.141/tcp/3001/p2p/16Uiu2HAmSmYqtdcgsJauVRyQ7yHXZRuLcaNS6tnD1Nzv118SFz1W,20.618147
3,2023-07-20 12:15:33,Listner started
4,2023-07-20 12:15:33,iIsAlreadyInFile:,true
5,2023-07-20 12:15:33,Verification started
6,2023-07-20 12:15:33,Consessus started
1,2023-07-20 12:15:53,Consensus process repeats,is In Pool:,true
2,2023-07-20 12:15:53,ValidatroInfo is: ,one,/ip4/122.177.101.141/tcp/3001/p2p/16Uiu2HAmSmYqtdcgsJauVRyQ7yHXZRuLcaNS6tnD1Nzv118SFz1W,20.618147
3,2023-07-20 12:15:53,Listner started
4,2023-07-20 12:15:53,iIsAlreadyInFile:,true
5,2023-07-20 12:15:53,Verification started
6,2023-07-20 12:15:53,Consessus started
1,2023-07-20 12:16:13,Consensus process repeats,is In Pool:,true
2,2023-07-20 12:16:13,ValidatroInfo is: ,one,/ip4/122.177.101.141/tcp/3001/p2p/16Uiu2HAmSmYqtdcgsJauVRyQ7yHXZRuLcaNS6tnD1Nzv118SFz1W,20.705526
3,2023-07-20 12:16:13,Listner started
4,2023-07-20 12:16:13,iIsAlreadyInFile:,true
5,2023-07-20 12:16:13,Verification started
6,2023-07-20 12:16:13,Consessus started
1,2023-07-20 12:16:33,Consensus process repeats,is In Pool:,true
2,2023-07-20 12:16:33,ValidatroInfo is: ,one,/ip4/122.177.101.141/tcp/3001/p2p/16Uiu2HAmSmYqtdcgsJauVRyQ7yHXZRuLcaNS6tnD1Nzv118SFz1W,20.705526
3,2023-07-20 12:16:33,Listner started
4,2023-07-20 12:16:33,iIsAlreadyInFile:,true
5,2023-07-20 12:16:33,Verification started
6,2023-07-20 12:16:33,Consessus started
1,2023-07-20 12:16:53,Consensus process repeats,is In Pool:,true
2,2023-07-20 12:16:53,ValidatroInfo is: ,one,/ip4/122.177.101.141/tcp/3001/p2p/16Uiu2HAmSmYqtdcgsJauVRyQ7yHXZRuLcaNS6tnD1Nzv118SFz1W,20.535841
3,2023-07-20 12:16:53,Listner started
4,2023-07-20 12:16:53,iIsAlreadyInFile:,true
5,2023-07-20 12:16:53,Verification started
6,2023-07-20 12:16:53,Consessus started
1,2023-07-20 12:17:13,Consensus process repeats,is In Pool:,true
2,2023-07-20 12:17:13,ValidatroInfo is: ,one,/ip4/122.177.101.141/tcp/3001/p2p/16Uiu2HAmSmYqtdcgsJauVRyQ7yHXZRuLcaNS6tnD1Nzv118SFz1W,20.535841
3,2023-07-20 12:17:13,Listner started
4,2023-07-20 12:17:13,iIsAlreadyInFile:,true
5,2023-07-20 12:17:13,Verification started
6,2023-07-20 12:17:13,Consessus started
1,2023-07-20 12:17:33,Consensus process repeats,is In Pool:,true
2,2023-07-20 12:17:33,ValidatroInfo is: ,one,/ip4/122.177.101.141/tcp/3001/p2p/16Uiu2HAmSmYqtdcgsJauVRyQ7yHXZRuLcaNS6tnD1Nzv118SFz1W,20.886385
3,2023-07-20 12:17:33,Listner started
4,2023-07-20 12:17:33,iIsAlreadyInFile:,true
5,2023-07-20 12:17:33,Verification started
6,2023-07-20 12:17:33,Consessus started
1,2023-07-20 12:17:53,Consensus process repeats,is In Pool:,true
2,2023-07-20 12:17:53,ValidatroInfo is: ,one,/ip4/122.177.101.141/tcp/3001/p2p/16Uiu2HAmSmYqtdcgsJauVRyQ7yHXZRuLcaNS6tnD1Nzv118SFz1W,20.886385
3,2023-07-20 12:17:53,Listner started
4,2023-07-20 12:17:53,iIsAlreadyInFile:,true
5,2023-07-20 12:17:53,Verification started
6,2023-07-20 12:17:53,Consessus started
1,2023-07-20 12:18:13,Consensus process repeats,is In Pool:,true
2,2023-07-20 12:18:13,ValidatroInfo is: ,one,/ip4/122.177.101.141/tcp/3001/p2p/16Uiu2HAmSmYqtdcgsJauVRyQ7yHXZRuLcaNS6tnD1Nzv118SFz1W,20.621506
3,2023-07-20 12:18:13,Listner started
4,2023-07-20 12:18:13,iIsAlreadyInFile:,true
5,2023-07-20 12:18:13,Verification started
6,2023-07-20 12:18:13,Consessus started
1,2023-07-20 12:18:33,Consensus process repeats,is In Pool:,true
2,2023-07-20 12:18:33,ValidatroInfo is: ,one,/ip4/122.177.101.141/tcp/3001/p2p/16Uiu2HAmSmYqtdcgsJauVRyQ7yHXZRuLcaNS6tnD1Nzv118SFz1W,20.621506
3,2023-07-20 12:18:33,Listner started
4,2023-07-20 12:18:33,iIsAlreadyInFile:,true
5,2023-07-20 12:18:33,Verification started
6,2023-07-20 12:18:33,Consessus started
1,2023-07-20 12:18:53,Consensus process repeats,is In Pool:,true
2,2023-07-20 12:18:53,ValidatroInfo is: ,one,/ip4/122.177.101.141/tcp/3001/p2p/16Uiu2HAmSmYqtdcgsJauVRyQ7yHXZRuLcaNS6tnD1Nzv118SFz1W,20.605006
3,2023-07-20 12:18:53,Listner started
4,2023-07-20 12:18:53,iIsAlreadyInFile:,true
5,2023-07-20 12:18:53,Verification started
6,2023-07-20 12:18:53,Consessus started
1,2023-07-20 12:19:13,Consensus process repeats,is In Pool:,true
2,2023-07-20 12:19:13,ValidatroInfo is: ,one,/ip4/122.177.101.141/tcp/3001/p2p/16Uiu2HAmSmYqtdcgsJauVRyQ7yHXZRuLcaNS6tnD1Nzv118SFz1W,20.605006
3,2023-07-20 12:19:13,Listner started
4,2023-07-20 12:19:13,iIsAlreadyInFile:,true
5,2023-07-20 12:19:13,Verification started
6,2023-07-20 12:19:13,Consessus started
1,2023-07-20 13:16:37,Consensus process repeats,is In Pool:,true
2,2023-07-20 13:16:37,ValidatroInfo is: ,one,/ip4/122.177.101.141/tcp/3001/p2p/16Uiu2HAmSmYqtdcgsJauVRyQ7yHXZRuLcaNS6tnD1Nzv118SFz1W,20.464655
3,2023-07-20 13:16:37,Listner started
4,2023-07-20 13:16:37,iIsAlreadyInFile:,true
5,2023-07-20 13:16:38,Verification started
6,2023-07-20 13:16:39,Consessus started
1,2023-07-20 13:16:53,Consensus process repeats,is In Pool:,true
2,2023-07-20 13:16:53,ValidatroInfo is: ,one,/ip4/122.177.101.141/tcp/3001/p2p/16Uiu2HAmSmYqtdcgsJauVRyQ7yHXZRuLcaNS6tnD1Nzv118SFz1W,20.468269
3,2023-07-20 13:16:53,Listner started
4,2023-07-20 13:16:53,iIsAlreadyInFile:,true
5,2023-07-20 13:16:53,Verification started
6,2023-07-20 13:16:53,Consessus started
1,2023-07-20 13:17:13,Consensus process repeats,is In Pool:,true
2,2023-07-20 13:17:13,ValidatroInfo is: ,one,/ip4/122.177.101.141/tcp/3001/p2p/16Uiu2HAmSmYqtdcgsJauVRyQ7yHXZRuLcaNS6tnD1Nzv118SFz1W,20.468269
3,2023-07-20 13:17:13,Listner started
4,2023-07-20 13:17:13,iIsAlreadyInFile:,true
5,2023-07-20 13:17:13,Verification started
6,2023-07-20 13:17:13,Consessus started
1,2023-07-20 13:17:33,Consensus process repeats,is In Pool:,true
2,2023-07-20 13:17:33,ValidatroInfo is: ,one,/ip4/122.177.101.141/tcp/3001/p2p/16Uiu2HAmSmYqtdcgsJauVRyQ7yHXZRuLcaNS6tnD1Nzv118SFz1W,20.499049
3,2023-07-20 13:17:33,Listner started
4,2023-07-20 13:17:33,iIsAlreadyInFile:,true
5,2023-07-20 13:17:33,Verification started
6,2023-07-20 13:17:33,Consessus started
1,2023-07-20 13:17:53,Consensus process repeats,is In Pool:,true
2,2023-07-20 13:17:53,ValidatroInfo is: ,one,/ip4/122.177.101.141/tcp/3001/p2p/16Uiu2HAmSmYqtdcgsJauVRyQ7yHXZRuLcaNS6tnD1Nzv118SFz1W,20.499049
3,2023-07-20 13:17:53,Listner started
4,2023-07-20 13:17:53,iIsAlreadyInFile:,true
5,2023-07-20 13:17:53,Verification started
6,2023-07-20 13:17:53,Consessus started
1,2023-07-20 13:18:13,Consensus process repeats,is In Pool:,true
2,2023-07-20 13:18:13,ValidatroInfo is: ,one,/ip4/122.177.101.141/tcp/3001/p2p/16Uiu2HAmSmYqtdcgsJauVRyQ7yHXZRuLcaNS6tnD1Nzv118SFz1W,20.560720
3,2023-07-20 13:18:13,Listner started
4,2023-07-20 13:18:13,iIsAlreadyInFile:,true
5,2023-07-20 13:18:13,Verification started
6,2023-07-20 13:18:13,Consessus started
1,2023-07-20 13:18:33,Consensus process repeats,is In Pool:,true
2,2023-07-20 13:18:33,ValidatroInfo is: ,one,/ip4/122.177.101.141/tcp/3001/p2p/16Uiu2HAmSmYqtdcgsJauVRyQ7yHXZRuLcaNS6tnD1Nzv118SFz1W,20.560720
3,2023-07-20 13:18:33,Listner started
4,2023-07-20 13:18:33,iIsAlreadyInFile:,true
5,2023-07-20 13:18:33,Verification started
6,2023-07-20 13:18:33,Consessus started
1,2023-07-20 13:18:53,Consensus process repeats,is In Pool:,true
2,2023-07-20 13:18:53,ValidatroInfo is: ,one,/ip4/122.177.101.141/tcp/3001/p2p/16Uiu2HAmSmYqtdcgsJauVRyQ7yHXZRuLcaNS6tnD1Nzv118SFz1W,21.238937
3,2023-07-20 13:18:53,Listner started
4,2023-07-20 13:18:53,iIsAlreadyInFile:,true
5,2023-07-20 13:18:53,Verification started
6,2023-07-20 13:18:53,Consessus started
1,2023-07-20 13:19:13,Consensus process repeats,is In Pool:,true
2,2023-07-20 13:19:13,ValidatroInfo is: ,one,/ip4/122.177.101.141/tcp/3001/p2p/16Uiu2HAmSmYqtdcgsJauVRyQ7yHXZRuLcaNS6tnD1Nzv118SFz1W,21.238937
3,2023-07-20 13:19:13,Listner started
4,2023-07-20 13:19:13,iIsAlreadyInFile:,true
5,2023-07-20 13:19:13,Verification started
6,2023-07-20 13:19:13,Consessus started
1,2023-07-20 13:19:33,Consensus process repeats,is In Pool:,true
2,2023-07-20 13:19:33,ValidatroInfo is: ,one,/ip4/122.177.101.141/tcp/3001/p2p/16Uiu2HAmSmYqtdcgsJauVRyQ7yHXZRuLcaNS6tnD1Nzv118SFz1W,21.086277
3,2023-07-20 13:19:33,Listner started
4,2023-07-20 13:19:33,iIsAlreadyInFile:,true
5,2023-07-20 13:19:33,Verification started
6,2023-07-20 13:19:33,Consessus started
1,2023-07-20 13:19:53,Consensus process repeats,is In Pool:,true
2,2023-07-20 13:19:53,ValidatroInfo is: ,one,/ip4/122.177.101.141/tcp/3001/p2p/16Uiu2HAmSmYqtdcgsJauVRyQ7yHXZRuLcaNS6tnD1Nzv118SFz1W,21.086277
3,2023-07-20 13:19:53,Listner started
4,2023-07-20 13:19:53,iIsAlreadyInFile:,true
5,2023-07-20 13:19:53,Verification started
6,2023-07-20 13:19:53,Consessus started
1,2023-07-20 13:20:13,Consensus process repeats,is In Pool:,true
2,2023-07-20 13:20:13,ValidatroInfo is: ,one,/ip4/122.177.101.141/tcp/3001/p2p/16Uiu2HAmSmYqtdcgsJauVRyQ7yHXZRuLcaNS6tnD1Nzv118SFz1W,21.102413
3,2023-07-20 13:20:13,Listner started
4,2023-07-20 13:20:13,iIsAlreadyInFile:,true
5,2023-07-20 13:20:13,Verification started
6,2023-07-20 13:20:13,Consessus started
1,2023-07-20 13:20:33,Consensus process repeats,is In Pool:,true
2,2023-07-20 13:20:33,ValidatroInfo is: ,one,/ip4/122.177.101.141/tcp/3001/p2p/16Uiu2HAmSmYqtdcgsJauVRyQ7yHXZRuLcaNS6tnD1Nzv118SFz1W,21.102413
3,2023-07-20 13:20:33,Listner started
4,2023-07-20 13:20:33,iIsAlreadyInFile:,true
5,2023-07-20 13:20:33,Verification started
6,2023-07-20 13:20:33,Consessus started
1,2023-07-20 13:20:53,Consensus process repeats,is In Pool:,true
2,2023-07-20 13:20:53,ValidatroInfo is: ,one,/ip4/122.177.101.141/tcp/3001/p2p/16Uiu2HAmSmYqtdcgsJauVRyQ7yHXZRuLcaNS6tnD1Nzv118SFz1W,21.061864
3,2023-07-20 13:20:53,Listner started
4,2023-07-20 13:20:53,iIsAlreadyInFile:,true
5,2023-07-20 13:20:53,Verification started
6,2023-07-20 13:20:53,Consessus started
1,2023-07-20 13:21:13,Consensus process repeats,is In Pool:,true
2,2023-07-20 13:21:13,ValidatroInfo is: ,one,/ip4/122.177.101.141/tcp/3001/p2p/16Uiu2HAmSmYqtdcgsJauVRyQ7yHXZRuLcaNS6tnD1Nzv118SFz1W,21.061864
3,2023-07-20 13:21:13,Listner started
4,2023-07-20 13:21:13,iIsAlreadyInFile:,true
5,2023-07-20 13:21:13,Verification started
6,2023-07-20 13:21:13,Consessus started
1,2023-07-20 13:21:33,Consensus process repeats,is In Pool:,true
2,2023-07-20 13:21:33,ValidatroInfo is: ,one,/ip4/122.177.101.141/tcp/3001/p2p/16Uiu2HAmSmYqtdcgsJauVRyQ7yHXZRuLcaNS6tnD1Nzv118SFz1W,21.248590
3,2023-07-20 13:21:33,Listner started
4,2023-07-20 13:21:33,iIsAlreadyInFile:,true
5,2023-07-20 13:21:33,Verification started
6,2023-07-20 13:21:33,Consessus started
1,2023-07-20 13:21:53,Consensus process repeats,is In Pool:,true
2,2023-07-20 13:21:53,ValidatroInfo is: ,one,/ip4/122.177.101.141/tcp/3001/p2p/16Uiu2HAmSmYqtdcgsJauVRyQ7yHXZRuLcaNS6tnD1Nzv118SFz1W,21.248590
3,2023-07-20 13:21:53,Listner started
4,2023-07-20 13:21:53,iIsAlreadyInFile:,true
5,2023-07-20 13:21:53,Verification started
6,2023-07-20 13:21:53,Consessus started
1,2023-07-20 13:22:13,Consensus process repeats,is In Pool:,true
2,2023-07-20 13:22:13,ValidatroInfo is: ,one,/ip4/122.177.101.141/tcp/3001/p2p/16Uiu2HAmSmYqtdcgsJauVRyQ7yHXZRuLcaNS6tnD1Nzv118SFz1W,21.109473
3,2023-07-20 13:22:13,Listner started
4,2023-07-20 13:22:13,iIsAlreadyInFile:,true
5,2023-07-20 13:22:13,Verification started
6,2023-07-20 13:22:13,Consessus started
1,2023-07-20 13:22:33,Consensus process repeats,is In Pool:,true
2,2023-07-20 13:22:33,ValidatroInfo is: ,one,/ip4/122.177.101.141/tcp/3001/p2p/16Uiu2HAmSmYqtdcgsJauVRyQ7yHXZRuLcaNS6tnD1Nzv118SFz1W,21.109473
3,2023-07-20 13:22:33,Listner started
4,2023-07-20 13:22:33,iIsAlreadyInFile:,true
5,2023-07-20 13:22:33,Verification started
6,2023-07-20 13:22:33,Consessus started
1,2023-07-20 13:22:53,Consensus process repeats,is In Pool:,true
2,2023-07-20 13:22:53,ValidatroInfo is: ,one,/ip4/122.177.101.141/tcp/3001/p2p/16Uiu2HAmSmYqtdcgsJauVRyQ7yHXZRuLcaNS6tnD1Nzv118SFz1W,20.362716
3,2023-07-20 13:22:53,Listner started
4,2023-07-20 13:22:53,iIsAlreadyInFile:,true
5,2023-07-20 13:22:53,Verification started
6,2023-07-20 13:22:53,Consessus started
1,2023-07-20 13:23:13,Consensus process repeats,is In Pool:,true
2,2023-07-20 13:23:13,ValidatroInfo is: ,one,/ip4/122.177.101.141/tcp/3001/p2p/16Uiu2HAmSmYqtdcgsJauVRyQ7yHXZRuLcaNS6tnD1Nzv118SFz1W,20.362716
3,2023-07-20 13:23:13,Listner started
4,2023-07-20 13:23:13,iIsAlreadyInFile:,true
5,2023-07-20 13:23:13,Verification started
6,2023-07-20 13:23:13,Consessus started
1,2023-07-20 13:23:33,Consensus process repeats,is In Pool:,true
2,2023-07-20 13:23:33,ValidatroInfo is: ,one,/ip4/122.177.101.141/tcp/3001/p2p/16Uiu2HAmSmYqtdcgsJauVRyQ7yHXZRuLcaNS6tnD1Nzv118SFz1W,20.664316
3,2023-07-20 13:23:33,Listner started
4,2023-07-20 13:23:33,iIsAlreadyInFile:,true
5,2023-07-20 13:23:33,Verification started
6,2023-07-20 13:23:33,Consessus started
1,2023-07-20 13:23:53,Consensus process repeats,is In Pool:,true
2,2023-07-20 13:23:53,ValidatroInfo is: ,one,/ip4/122.177.101.141/tcp/3001/p2p/16Uiu2HAmSmYqtdcgsJauVRyQ7yHXZRuLcaNS6tnD1Nzv118SFz1W,20.664316
3,2023-07-20 13:23:53,Listner started
4,2023-07-20 13:23:53,iIsAlreadyInFile:,true
5,2023-07-20 13:23:53,Verification started
6,2023-07-20 13:23:53,Consessus started
1,2023-07-20 13:24:13,Consensus process repeats,is In Pool:,true
2,2023-07-20 13:24:13,ValidatroInfo is: ,one,/ip4/122.177.101.141/tcp/3001/p2p/16Uiu2HAmSmYqtdcgsJauVRyQ7yHXZRuLcaNS6tnD1Nzv118SFz1W,20.414529
3,2023-07-20 13:24:13,Listner started
4,2023-07-20 13:24:13,iIsAlreadyInFile:,true
5,2023-07-20 13:24:13,Verification started
6,2023-07-20 13:24:13,Consessus started
1,2023-07-20 13:24:33,Consensus process repeats,is In Pool:,true
2,2023-07-20 13:24:33,ValidatroInfo is: ,one,/ip4/122.177.101.141/tcp/3001/p2p/16Uiu2HAmSmYqtdcgsJauVRyQ7yHXZRuLcaNS6tnD1Nzv118SFz1W,20.414529
3,2023-07-20 13:24:33,Listner started
4,2023-07-20 13:24:33,iIsAlreadyInFile:,true
5,2023-07-20 13:24:33,Verification started
6,2023-07-20 13:24:33,Consessus started
1,2023-07-20 13:24:53,Consensus process repeats,is In Pool:,true
2,2023-07-20 13:24:53,ValidatroInfo is: ,one,/ip4/122.177.101.141/tcp/3001/p2p/16Uiu2HAmSmYqtdcgsJauVRyQ7yHXZRuLcaNS6tnD1Nzv118SFz1W,20.400372
3,2023-07-20 13:24:53,Listner started
4,2023-07-20 13:24:53,iIsAlreadyInFile:,true
5,2023-07-20 13:24:53,Verification started
6,2023-07-20 13:24:53,Consessus started
1,2023-07-20 13:25:13,Consensus process repeats,is In Pool:,true
2,2023-07-20 13:25:13,ValidatroInfo is: ,one,/ip4/122.177.101.141/tcp/3001/p2p/16Uiu2HAmSmYqtdcgsJauVRyQ7yHXZRuLcaNS6tnD1Nzv118SFz1W,20.400372
3,2023-07-20 13:25:13,Listner started
4,2023-07-20 13:25:13,iIsAlreadyInFile:,true
5,2023-07-20 13:25:13,Verification started
6,2023-07-20 13:25:13,Consessus started
1,2023-07-20 13:25:33,Consensus process repeats,is In Pool:,true
2,2023-07-20 13:25:33,ValidatroInfo is: ,one,/ip4/122.177.101.141/tcp/3001/p2p/16Uiu2HAmSmYqtdcgsJauVRyQ7yHXZRuLcaNS6tnD1Nzv118SFz1W,20.801615
3,2023-07-20 13:25:33,Listner started
4,2023-07-20 13:25:33,iIsAlreadyInFile:,true
5,2023-07-20 13:25:33,Verification started
6,2023-07-20 13:25:33,Consessus started
1,2023-07-20 13:25:53,Consensus process repeats,is In Pool:,true
2,2023-07-20 13:25:53,ValidatroInfo is: ,one,/ip4/122.177.101.141/tcp/3001/p2p/16Uiu2HAmSmYqtdcgsJauVRyQ7yHXZRuLcaNS6tnD1Nzv118SFz1W,20.801615
3,2023-07-20 13:25:53,Listner started
4,2023-07-20 13:25:53,iIsAlreadyInFile:,true
5,2023-07-20 13:25:53,Verification started
6,2023-07-20 13:25:53,Consessus started
1,2023-07-20 13:26:13,Consensus process repeats,is In Pool:,true
2,2023-07-20 13:26:13,ValidatroInfo is: ,one,/ip4/122.177.101.141/tcp/3001/p2p/16Uiu2HAmSmYqtdcgsJauVRyQ7yHXZRuLcaNS6tnD1Nzv118SFz1W,21.265039
3,2023-07-20 13:26:13,Listner started
4,2023-07-20 13:26:13,iIsAlreadyInFile:,true
5,2023-07-20 13:26:13,Verification started
6,2023-07-20 13:26:13,Consessus started
1,2023-07-20 13:26:33,Consensus process repeats,is In Pool:,true
2,2023-07-20 13:26:33,ValidatroInfo is: ,one,/ip4/122.177.101.141/tcp/3001/p2p/16Uiu2HAmSmYqtdcgsJauVRyQ7yHXZRuLcaNS6tnD1Nzv118SFz1W,21.265039
3,2023-07-20 13:26:33,Listner started
4,2023-07-20 13:26:33,iIsAlreadyInFile:,true
5,2023-07-20 13:26:33,Verification started
6,2023-07-20 13:26:33,Consessus started
1,2023-07-20 13:26:53,Consensus process repeats,is In Pool:,true
2,2023-07-20 13:26:53,ValidatroInfo is: ,one,/ip4/122.177.101.141/tcp/3001/p2p/16Uiu2HAmSmYqtdcgsJauVRyQ7yHXZRuLcaNS6tnD1Nzv118SFz1W,20.384755
3,2023-07-20 13:26:53,Listner started
4,2023-07-20 13:26:53,iIsAlreadyInFile:,true
5,2023-07-20 13:26:53,Verification started
6,2023-07-20 13:26:53,Consessus started
1,2023-07-20 13:27:13,Consensus process repeats,is In Pool:,true
2,2023-07-20 13:27:13,ValidatroInfo is: ,one,/ip4/122.177.101.141/tcp/3001/p2p/16Uiu2HAmSmYqtdcgsJauVRyQ7yHXZRuLcaNS6tnD1Nzv118SFz1W,20.384755
3,2023-07-20 13:27:13,Listner started
4,2023-07-20 13:27:13,iIsAlreadyInFile:,true
5,2023-07-20 13:27:13,Verification started
6,2023-07-20 13:27:13,Consessus started
1,2023-07-20 13:27:33,Consensus process repeats,is In Pool:,true
2,2023-07-20 13:27:33,ValidatroInfo is: ,one,/ip4/122.177.101.141/tcp/3001/p2p/16Uiu2HAmSmYqtdcgsJauVRyQ7yHXZRuLcaNS6tnD1Nzv118SFz1W,21.048900
3,2023-07-20 13:27:33,Listner started
4,2023-07-20 13:27:33,iIsAlreadyInFile:,true
5,2023-07-20 13:27:33,Verification started
6,2023-07-20 13:27:33,Consessus started
1,2023-07-20 13:27:53,Consensus process repeats,is In Pool:,true
2,2023-07-20 13:27:53,ValidatroInfo is: ,one,/ip4/122.177.101.141/tcp/3001/p2p/16Uiu2HAmSmYqtdcgsJauVRyQ7yHXZRuLcaNS6tnD1Nzv118SFz1W,21.048900
3,2023-07-20 13:27:53,Listner started
4,2023-07-20 13:27:53,iIsAlreadyInFile:,true
5,2023-07-20 13:27:53,Verification started
6,2023-07-20 13:27:53,Consessus started
1,2023-07-20 13:28:13,Consensus process repeats,is In Pool:,true
2,2023-07-20 13:28:13,ValidatroInfo is: ,one,/ip4/122.177.101.141/tcp/3001/p2p/16Uiu2HAmSmYqtdcgsJauVRyQ7yHXZRuLcaNS6tnD1Nzv118SFz1W,20.455889
3,2023-07-20 13:28:13,Listner started
4,2023-07-20 13:28:13,iIsAlreadyInFile:,true
5,2023-07-20 13:28:13,Verification started
6,2023-07-20 13:28:13,Consessus started
1,2023-07-20 13:28:33,Consensus process repeats,is In Pool:,true
2,2023-07-20 13:28:33,ValidatroInfo is: ,one,/ip4/122.177.101.141/tcp/3001/p2p/16Uiu2HAmSmYqtdcgsJauVRyQ7yHXZRuLcaNS6tnD1Nzv118SFz1W,20.455889
3,2023-07-20 13:28:33,Listner started
4,2023-07-20 13:28:33,iIsAlreadyInFile:,true
5,2023-07-20 13:28:33,Verification started
6,2023-07-20 13:28:33,Consessus started
1,2023-07-20 13:28:53,Consensus process repeats,is In Pool:,true
2,2023-07-20 13:28:53,ValidatroInfo is: ,one,/ip4/122.177.101.141/tcp/3001/p2p/16Uiu2HAmSmYqtdcgsJauVRyQ7yHXZRuLcaNS6tnD1Nzv118SFz1W,21.107472
3,2023-07-20 13:28:53,Listner started
4,2023-07-20 13:28:53,iIsAlreadyInFile:,true
5,2023-07-20 13:28:53,Verification started
6,2023-07-20 13:28:53,Consessus started
1,2023-07-20 13:29:13,Consensus process repeats,is In Pool:,true
2,2023-07-20 13:29:13,ValidatroInfo is: ,one,/ip4/122.177.101.141/tcp/3001/p2p/16Uiu2HAmSmYqtdcgsJauVRyQ7yHXZRuLcaNS6tnD1Nzv118SFz1W,21.107472
3,2023-07-20 13:29:13,Listner started
4,2023-07-20 13:29:13,iIsAlreadyInFile:,true
5,2023-07-20 13:29:13,Verification started
6,2023-07-20 13:29:13,Consessus started
1,2023-07-20 13:29:33,Consensus process repeats,is In Pool:,true
2,2023-07-20 13:29:33,ValidatroInfo is: ,one,/ip4/122.177.101.141/tcp/3001/p2p/16Uiu2HAmSmYqtdcgsJauVRyQ7yHXZRuLcaNS6tnD1Nzv118SFz1W,21.169890
3,2023-07-20 13:29:33,Listner started
4,2023-07-20 13:29:33,iIsAlreadyInFile:,true
5,2023-07-20 13:29:33,Verification started
6,2023-07-20 13:29:33,Consessus started
1,2023-07-20 13:29:53,Consensus process repeats,is In Pool:,true
2,2023-07-20 13:29:53,ValidatroInfo is: ,one,/ip4/122.177.101.141/tcp/3001/p2p/16Uiu2HAmSmYqtdcgsJauVRyQ7yHXZRuLcaNS6tnD1Nzv118SFz1W,21.169890
3,2023-07-20 13:29:53,Listner started
4,2023-07-20 13:29:53,iIsAlreadyInFile:,true
5,2023-07-20 13:29:53,Verification started
6,2023-07-20 13:29:53,Consessus started
1,2023-07-20 13:30:13,Consensus process repeats,is In Pool:,true
2,2023-07-20 13:30:13,ValidatroInfo is: ,one,/ip4/122.177.101.141/tcp/3001/p2p/16Uiu2HAmSmYqtdcgsJauVRyQ7yHXZRuLcaNS6tnD1Nzv118SFz1W,20.625941
3,2023-07-20 13:30:13,Listner started
4,2023-07-20 13:30:13,iIsAlreadyInFile:,true
5,2023-07-20 13:30:13,Verification started
6,2023-07-20 13:30:13,Consessus started
1,2023-07-20 13:30:33,Consensus process repeats,is In Pool:,true
2,2023-07-20 13:30:33,ValidatroInfo is: ,one,/ip4/122.177.101.141/tcp/3001/p2p/16Uiu2HAmSmYqtdcgsJauVRyQ7yHXZRuLcaNS6tnD1Nzv118SFz1W,20.625941
3,2023-07-20 13:30:33,Listner started
4,2023-07-20 13:30:33,iIsAlreadyInFile:,true
5,2023-07-20 13:30:33,Verification started
6,2023-07-20 13:30:33,Consessus started
1,2023-07-20 13:30:53,Consensus process repeats,is In Pool:,true
2,2023-07-20 13:30:53,ValidatroInfo is: ,one,/ip4/122.177.101.141/tcp/3001/p2p/16Uiu2HAmSmYqtdcgsJauVRyQ7yHXZRuLcaNS6tnD1Nzv118SFz1W,20.363573
3,2023-07-20 13:30:53,Listner started
4,2023-07-20 13:30:53,iIsAlreadyInFile:,true
5,2023-07-20 13:30:53,Verification started
6,2023-07-20 13:30:53,Consessus started
1,2023-07-20 13:31:13,Consensus process repeats,is In Pool:,true
2,2023-07-20 13:31:13,ValidatroInfo is: ,one,/ip4/122.177.101.141/tcp/3001/p2p/16Uiu2HAmSmYqtdcgsJauVRyQ7yHXZRuLcaNS6tnD1Nzv118SFz1W,20.363573
3,2023-07-20 13:31:13,Listner started
4,2023-07-20 13:31:13,iIsAlreadyInFile:,true
5,2023-07-20 13:31:13,Verification started
6,2023-07-20 13:31:13,Consessus started
1,2023-07-20 13:31:33,Consensus process repeats,is In Pool:,true
2,2023-07-20 13:31:33,ValidatroInfo is: ,one,/ip4/122.177.101.141/tcp/3001/p2p/16Uiu2HAmSmYqtdcgsJauVRyQ7yHXZRuLcaNS6tnD1Nzv118SFz1W,20.754554
3,2023-07-20 13:31:33,Listner started
4,2023-07-20 13:31:33,iIsAlreadyInFile:,true
5,2023-07-20 13:31:33,Verification started
6,2023-07-20 13:31:33,Consessus started
1,2023-07-20 13:31:53,Consensus process repeats,is In Pool:,true
2,2023-07-20 13:31:53,ValidatroInfo is: ,one,/ip4/122.177.101.141/tcp/3001/p2p/16Uiu2HAmSmYqtdcgsJauVRyQ7yHXZRuLcaNS6tnD1Nzv118SFz1W,20.754554
3,2023-07-20 13:31:53,Listner started
4,2023-07-20 13:31:53,iIsAlreadyInFile:,true
5,2023-07-20 13:31:53,Verification started
6,2023-07-20 13:31:53,Consessus started
